Angle,Length,Ht_E,UW_E,Ht_SS,Void Ratio,UW_SS,Lamda,Kappa,PR,FA,OCR,Permeability,After 1 year
3,10,5,20,9,0.788,18.58,0.0576,0.0106,0.36,5,3.5,9,54
3,10,5,20,9,0.589,18.38,0.0425,0.016,0.36,5,2.8,9,93
3,10,5,20,9,0.815,20,0.066,0.029,0.36,5,1,9,163
3,10,5,20,9,0.949,18.11,0.127,0.05,0.36,5,1.5,9,243
3,10,5,20,9,2,15,0.217,0.0276,0.35,5,7.5,8.958607315,92
3,10,5,20,9,2,15,0.217,0.027,0.34,6,5.5,8.823908741,89
3,10,5,20,9,2,14.8,0.261,0.035,0.36,7,3.5,8.22184875,150
3,10,5,20,9,2.2,14.5,0.304,0.06,0.37,8,1.8,8.013228266,320
3,10,5,20,9,2.1,14.5,0.304,0.06,0.37,4,1,8.698970004,296
1,10,5,19,9,0.788,18.58,0.0576,0.0106,0.36,5,3.5,9,62
1,10,5,19,9,0.589,18.38,0.0425,0.016,0.36,5,2.8,9,115
1,10,5,19,9,0.815,20,0.066,0.029,0.36,5,1,9,401
1,10,5,19,9,0.949,18.11,0.127,0.05,0.36,5,1.5,9,375
1,10,5,19,9,2,15,0.217,0.0276,0.35,5,7.5,8.958607315,103
1,10,5,19,9,2,15,0.217,0.027,0.34,6,5.5,8.823908741,99
1,10,5,19,9,2,14.8,0.261,0.035,0.36,7,3.5,8.22184875,155
1,10,5,19,9,2.2,14.5,0.304,0.06,0.37,8,1.8,8.013228266,464
1,10,5,19,9,2.1,14.5,0.304,0.06,0.37,4,1,8.698970004,669
1,10,5,18,4,0.788,18.58,0.0576,0.0106,0.36,5,3.5,9,43
1,10,5,18,4,0.589,18.38,0.0425,0.016,0.36,5,2.8,9,78
1,10,5,18,4,0.815,20,0.066,0.029,0.36,5,1,9,254
1,10,5,18,4,0.949,18.11,0.127,0.05,0.36,5,1.5,9,246
1,10,5,18,4,2,15,0.217,0.0276,0.35,5,7.5,8.958607315,70
1,10,5,18,4,2,15,0.217,0.027,0.34,6,5.5,8.823908741,68
1,10,5,18,4,2,14.8,0.261,0.035,0.36,7,3.5,8.22184875,100
1,10,5,18,4,2.2,14.5,0.304,0.06,0.37,8,1.8,8.013228266,320
1,10,5,18,4,2.1,14.5,0.304,0.06,0.37,4,1,8.698970004,389
3,10,4,18,2,1.8,15.2,0.178,0.025,0.36,9,1,9.301029996,102
3,10,4,18,2,1.9,15,0.217,0.026,0.32,7,1,9.22184875,59
3,10,4,18,2,1.78,16,0.33,0.066,0.3,7.5,1.9,9.455931956,73
3,10,4,18,2,1.78,16.5,0.38,0.076,0.3,6,1.5,9.759450752,64
3,10,4,18,2,1.78,16.2,0.38,0.076,0.3,9,1,9.759450752,79
3,10,4,18,2,1.78,15.8,0.33,0.066,0.3,6.5,1,9.759450752,64
3,10,4,18,2,3.3,16.5,0.52,0.052,0.3,4,1.2,9.698970004,40
3,10,4,18,2,3.3,16,0.65,0.065,0.3,10,1.5,9.698970004,55
3,10,4,18,2,3.1,16.5,0.65,0.065,0.3,7.2,1.6,9.853871964,42
3,10,4,18,2,2.6,17,0.52,0.052,0.3,6.5,1.4,10.15490196,32
3,10,4,20,9,0.5,20,0.25,0.05,0.36,5,1,9,247
3,10,4,20,9,0.5,20,0.25,0.05,0.36,5,1,9,236
3,10,4,16,9,0.5,20,0.25,0.05,0.36,5,1,9,197
3,10,4,20,9,0.5,20,0.25,0.05,0.36,27,1,9,510
3,10,4,20,9,0.5,20,0.55,0.05,0.36,5,1,9,245
3,10,4,20,9,0.5,20,0.25,0.1,0.36,5,1,9,449
3,10,4,20,9,0.5,20,0.25,0.05,0.36,5,2,9,218
3,10,4,20,9,1.5,20,0.25,0.05,0.36,5,1,9,158
3,10,4,20,9,0.5,20,0.25,0.05,0.36,5,1,7,316
3,10,4,20,9,0.5,20,0.25,0.05,0.25,5,1,9,190
3,10,4,20,9,0.5,16.5,0.25,0.05,0.36,5,1,9,289
1,10,4,19,6,1.8,15.2,0.178,0.025,0.36,9,1,9.301029996,424
1,10,4,19,6,1.9,15,0.217,0.026,0.32,7,1,9.22184875,135
1,10,4,19,6,1.78,16,0.33,0.066,0.3,7.5,1.9,9.455931956,150
1,10,4,19,6,1.78,16.5,0.38,0.076,0.3,6,1.5,9.759450752,161
1,10,4,19,6,1.78,16.2,0.38,0.076,0.3,9,1,9.759450752,234
1,10,4,19,6,1.78,15.8,0.33,0.066,0.3,6.5,1,9.759450752,179
1,10,4,19,6,3.3,16.5,0.52,0.052,0.3,4,1.2,9.698970004,87
1,10,4,19,6,3.3,16,0.65,0.065,0.3,10,1.5,9.698970004,129
1,10,4,19,6,3.1,16.5,0.65,0.065,0.3,7.2,1.6,9.853871964,98
1,10,4,19,6,2.6,17,0.52,0.052,0.3,6.5,1.4,10.15490196,86
3,10,5,18,9,1.8,15.2,0.178,0.025,0.36,9,1,9.301029996,92
3,10,5,18,9,1.9,15,0.217,0.026,0.32,7,1,9.22184875,115
3,10,5,18,9,1.78,16,0.33,0.066,0.3,7.5,1.9,9.455931956,157
3,10,5,18,9,1.78,16.5,0.38,0.076,0.3,6,1.5,9.759450752,160
3,10,5,18,9,1.78,16.2,0.38,0.076,0.3,9,1,9.759450752,200
3,10,5,18,9,1.78,15.8,0.33,0.066,0.3,6.5,1,9.759450752,155
3,10,5,18,9,3.3,16.5,0.52,0.052,0.3,4,1.2,9.698970004,83
3,10,5,18,9,3.3,16,0.65,0.065,0.3,10,1.5,9.698970004,133
3,10,5,18,9,3.1,16.5,0.65,0.065,0.3,7.2,1.6,9.853871964,100
3,10,5,18,9,2.6,17,0.52,0.052,0.3,6.5,1.4,10.15490196,83
2,10,5,20,9,1.8,15.2,0.178,0.025,0.36,9,1,9.301029996,117
2,10,5,20,9,1.9,15,0.217,0.026,0.32,7,1,9.22184875,158
2,10,5,20,9,1.78,16,0.33,0.066,0.3,7.5,1.9,9.455931956,201
2,10,5,20,9,1.78,16.5,0.38,0.076,0.3,6,1.5,9.759450752,211
2,10,5,20,9,1.78,16.2,0.38,0.076,0.3,9,1,9.759450752,277
2,10,5,20,9,1.78,15.8,0.33,0.066,0.3,6.5,1,9.759450752,217
2,10,5,20,9,3.3,16.5,0.52,0.052,0.3,4,1.2,9.698970004,109
2,10,5,20,9,3.3,16,0.65,0.065,0.3,10,1.5,9.698970004,179
2,10,5,20,9,3.1,16.5,0.65,0.065,0.3,7.2,1.6,9.853871964,130
2,10,5,20,9,2.6,17,0.52,0.052,0.3,6.5,1.4,10.15490196,110
1,10,5,18,7,1.8,15.2,0.178,0.025,0.36,9,1,9.301029996,110
1,10,5,18,7,1.9,15,0.217,0.026,0.32,7,1,9.22184875,182
1,10,5,18,7,1.78,16,0.33,0.066,0.3,7.5,1.9,9.455931956,191
1,10,5,18,7,1.78,16.5,0.38,0.076,0.3,6,1.5,9.759450752,207
1,10,5,18,7,1.78,16.2,0.38,0.076,0.3,9,1,9.759450752,320
1,10,5,18,7,1.78,15.8,0.33,0.066,0.3,6.5,1,9.759450752,239
1,10,5,18,7,3.3,16.5,0.52,0.052,0.3,4,1.2,9.698970004,109
1,10,5,18,7,3.3,16,0.65,0.065,0.3,10,1.5,9.698970004,175
1,10,5,18,7,3.1,16.5,0.65,0.065,0.3,7.2,1.6,9.853871964,126
1,10,5,18,7,2.6,17,0.52,0.052,0.3,6.5,1.4,10.15490196,110
1,10,5,18,7,2.52,14.22,1.09,0.12,0.32,5.29,2.1,7.986152004,348
1,10,5,18,7,1.93,14.81,0.61,0.03,0.31,7.04,1.7,8.011262725,120
1,10,5,18,7,0.57,23.25,0.29,0.02,0.3,6.4,1.9,7.063385738,960
1,10,5,18,7,1.52,16.58,0.48,0.03,0.36,7.12,1.6,7.811915626,238
1,10,5,18,7,1.28,18.84,0.41,0.02,0.33,9.55,1.5,7.798876103,201
1,10,5,18,7,1.88,12.65,0.46,0.03,0.32,4.7,1.5,7.863660003,150
1,10,5,18,7,2.06,15.89,1.06,0.12,0.31,6.38,3.5,7.106238238,371
1,10,5,18,7,2.07,15.3,0.66,0.03,0.29,12.1,1.4,7.882463567,326
1,10,5,18,7,1.76,14.91,0.43,0.03,0.28,3.53,1.6,7.68268898,110
1,10,5,18,7,0.9,16.5,0.14,0.05,0.25,6.5,1.2,8.11577123,247
2,10,5,18,6,2.52,14.22,1.09,0.12,0.32,5.29,2.1,7.986152004,292
2,10,5,18,6,1.93,14.81,0.61,0.03,0.31,7.04,1.7,8.011262725,97
2,10,5,18,6,0.57,23.25,0.29,0.02,0.3,6.4,1.9,7.063385738,83
2,10,5,18,6,1.52,16.58,0.48,0.03,0.36,7.12,1.6,7.811915626,179
2,10,5,18,6,1.28,18.84,0.41,0.02,0.33,9.55,1.5,7.798876103,172
2,10,5,18,6,1.88,12.65,0.46,0.03,0.32,4.7,1.5,7.863660003,112
2,10,5,18,6,2.06,15.89,1.06,0.12,0.31,6.38,3.5,7.106238238,324
2,10,5,18,6,2.07,15.3,0.66,0.03,0.29,12.1,1.4,7.882463567,295
2,10,5,18,6,1.76,14.91,0.43,0.03,0.28,3.53,1.6,7.68268898,94
2,10,5,18,6,0.9,16.5,0.14,0.05,0.25,6.5,1.2,8.11577123,208
3,10,5,18,8,2.52,14.22,1.09,0.12,0.32,5.29,2.1,7.986152004,293
3,10,5,18,8,1.93,14.81,0.61,0.03,0.31,7.04,1.7,8.011262725,97
3,10,5,18,8,0.57,23.25,0.29,0.02,0.3,6.4,1.9,7.063385738,85
3,10,5,18,8,1.52,16.58,0.48,0.03,0.36,7.12,1.6,7.811915626,177
3,10,5,18,8,1.28,18.84,0.41,0.02,0.33,9.55,1.5,7.798876103,169
3,10,5,18,8,1.88,12.65,0.46,0.03,0.32,4.7,1.5,7.863660003,113
3,10,5,18,8,2.06,15.89,1.06,0.12,0.31,6.38,3.5,7.106238238,329
3,10,5,18,8,2.07,15.3,0.66,0.03,0.29,12.1,1.4,7.882463567,284
3,10,5,18,8,1.76,14.91,0.43,0.03,0.28,3.53,1.6,7.68268898,96
3,10,5,18,8,0.9,16.5,0.14,0.05,0.25,6.5,1.2,8.11577123,208
1,10,6,18,5,1.57,16.1,0.18,0.01,0.3,5,1.1,6.744727495,70
1,10,6,18,5,2.45,14.4,0.25,0.04,0.3,3.5,1.4,8.346787486,91
1,10,6,18,5,2.16,15.2,0.21,0.02,0.3,4.5,1.1,8.537602002,93
1,10,6,18,5,1.76,15.7,0.21,0.02,0.3,5.5,1.2,8.823908741,112
1,10,6,18,5,1.53,16.2,0.15,0.02,0.3,7.5,1.3,9.22184875,143
1,10,6,18,5,2.3,14.8,0.57,0.06,0.15,5,1.8,8.219538667,167
1,10,6,18,5,2.7,14.3,0.76,0.08,0.15,6,2.1,8.444180317,165
1,10,6,18,5,2.9,14,0.87,0.09,0.15,4.5,1.7,8.935542011,136
1,10,6,18,5,2.8,14,0.76,0.076,0.15,4,1.6,9.236572006,83
1,10,6,18,5,1.81,15.7,0.18,0.02,0.3,3,1.3,8.251811973,134
3,10,6,18,9,1.57,16.1,0.18,0.01,0.3,5,1.1,6.744727495,54
3,10,6,18,9,2.45,14.4,0.25,0.04,0.3,3.5,1.4,8.346787486,71
3,10,6,18,9,2.16,15.2,0.21,0.02,0.3,4.5,1.1,8.537602002,76
3,10,6,18,9,1.76,15.7,0.21,0.02,0.3,5.5,1.2,8.823908741,93
3,10,6,18,9,1.53,16.2,0.15,0.02,0.3,7.5,1.3,9.22184875,149
3,10,6,18,9,2.3,14.8,0.57,0.06,0.15,5,1.8,8.219538667,171
3,10,6,18,9,2.7,14.3,0.76,0.08,0.15,6,2.1,8.444180317,167
3,10,6,18,9,2.9,14,0.87,0.09,0.15,4.5,1.7,8.935542011,141
3,10,6,18,9,2.8,14,0.76,0.076,0.15,4,1.6,9.236572006,75
3,10,6,18,9,1.81,15.7,0.18,0.02,0.3,3,1.3,8.251811973,124
2,10,6,18,3,1.57,16.1,0.18,0.01,0.3,5,1.1,6.744727495,33
2,10,6,18,3,2.45,14.4,0.25,0.04,0.3,3.5,1.4,8.346787486,50
2,10,6,18,3,2.16,15.2,0.21,0.02,0.3,4.5,1.1,8.537602002,56
2,10,6,18,3,1.76,15.7,0.21,0.02,0.3,5.5,1.2,8.823908741,75
2,10,6,18,3,1.53,16.2,0.15,0.02,0.3,7.5,1.3,9.22184875,109
2,10,6,18,3,2.3,14.8,0.57,0.06,0.15,5,1.8,8.219538667,131
2,10,6,18,3,2.7,14.3,0.76,0.08,0.15,6,2.1,8.444180317,134
2,10,6,18,3,2.9,14,0.87,0.09,0.15,4.5,1.7,8.935542011,110
2,10,6,18,3,2.8,14,0.76,0.076,0.15,4,1.6,9.236572006,49
2,10,6,18,3,1.81,15.7,0.18,0.02,0.3,3,1.3,8.251811973,84
3,10,4,19,8,1.8,15.2,0.178,0.025,0.36,9,1,9.301029996,144
3,10,4,19,8,1.9,15,0.217,0.026,0.32,7,1,9.22184875,92
3,10,4,19,8,1.78,16,0.33,0.066,0.3,7.5,1.9,9.455931956,132
3,10,4,19,8,1.78,16.5,0.38,0.076,0.3,6,1.5,9.759450752,135
3,10,4,19,8,1.78,16.2,0.38,0.076,0.3,9,1,9.759450752,163
3,10,4,19,8,1.78,15.8,0.33,0.066,0.3,6.5,1,9.759450752,130
3,10,4,19,8,3.3,16.5,0.52,0.052,0.3,4,1.2,9.698970004,70
3,10,4,19,8,3.3,16,0.65,0.065,0.3,10,1.5,9.698970004,105
3,10,4,19,8,3.1,16.5,0.65,0.065,0.3,7.2,1.6,9.853871964,84
3,10,4,19,8,2.6,17,0.52,0.052,0.3,6.5,1.4,10.15490196,70
1,6,5,19,6,0.788,18.58,0.0576,0.0106,0.36,5,3.5,9,60
1,6,5,19,6,0.589,18.38,0.0425,0.016,0.36,5,2.8,9,114
1,6,5,19,6,0.815,20,0.066,0.029,0.36,5,1,9,402
1,6,5,19,6,0.949,18.11,0.127,0.05,0.36,5,1.5,9,360
1,6,5,19,6,2,15,0.217,0.0276,0.35,5,7.5,8.958607315,95
1,6,5,19,6,2,15,0.217,0.027,0.34,6,5.5,8.823908741,92
1,6,5,19,6,2,14.8,0.261,0.035,0.36,7,3.5,8.22184875,146
1,6,5,19,6,2.2,14.5,0.304,0.06,0.37,8,1.8,8.013228266,470
1,6,5,19,6,2.1,14.5,0.304,0.06,0.37,4,1,8.698970004,620
2,8,6,19,5,0.788,18.58,0.0576,0.0106,0.36,5,3.5,9,52
2,8,6,19,5,0.589,18.38,0.0425,0.016,0.36,5,2.8,9,88
2,8,6,19,5,0.815,20,0.066,0.029,0.36,5,1,9,205
2,8,6,19,5,0.949,18.11,0.127,0.05,0.36,5,1.5,9,222
2,8,6,19,5,2,15,0.217,0.0276,0.35,5,7.5,8.958607315,86
2,8,6,19,5,2,15,0.217,0.027,0.34,6,5.5,8.823908741,85
2,8,6,19,5,2,14.8,0.261,0.035,0.36,7,3.5,8.22184875,125
2,8,6,19,5,2.2,14.5,0.304,0.06,0.37,8,1.8,8.013228266,337
2,8,6,19,5,2.1,14.5,0.304,0.06,0.37,4,1,8.698970004,422
3,10,6,20,7,0.788,18.58,0.0576,0.0106,0.36,5,3.5,9,56
3,10,6,20,7,0.589,18.38,0.0425,0.016,0.36,5,2.8,9,93
3,10,6,20,7,0.815,20,0.066,0.029,0.36,5,1,9,162
3,10,6,20,7,0.949,18.11,0.127,0.05,0.36,5,1.5,9,221
3,10,6,20,7,2,15,0.217,0.0276,0.35,5,7.5,8.958607315,93
3,10,6,20,7,2,15,0.217,0.027,0.34,6,5.5,8.823908741,92
3,10,6,20,7,2,14.8,0.261,0.035,0.36,7,3.5,8.22184875,138
3,10,6,20,7,2.2,14.5,0.304,0.06,0.37,8,1.8,8.013228266,329
3,10,6,20,7,2.1,14.5,0.304,0.06,0.37,4,1,8.698970004,282
3,8,4,20,7,1.8,15.2,0.178,0.025,0.36,9,1,9.301029996,157
3,8,4,20,7,1.9,15,0.217,0.026,0.32,7,1,9.22184875,100
3,8,4,20,7,1.78,16,0.33,0.066,0.3,7.5,1.9,9.455931956,137
3,8,4,20,7,1.78,16.5,0.38,0.076,0.3,6,1.5,9.759450752,139
3,8,4,20,7,1.78,16.2,0.38,0.076,0.3,9,1,9.759450752,170
3,8,4,20,7,1.78,15.8,0.33,0.066,0.3,6.5,1,9.759450752,134
3,8,4,20,7,3.3,16.5,0.52,0.052,0.3,4,1.2,9.698970004,73
3,8,4,20,7,3.3,16,0.65,0.065,0.3,10,1.5,9.698970004,113
3,8,4,20,7,3.1,16.5,0.65,0.065,0.3,7.2,1.6,9.853871964,87
3,8,4,20,7,2.6,17,0.52,0.052,0.3,6.5,1.4,10.15490196,72
2,8,5,18,5,1.8,15.2,0.178,0.025,0.36,9,1,9.301029996,294
2,8,5,18,5,1.9,15,0.217,0.026,0.32,7,1,9.22184875,115
2,8,5,18,5,1.78,16,0.33,0.066,0.3,7.5,1.9,9.455931956,131
2,8,5,18,5,1.78,16.5,0.38,0.076,0.3,6,1.5,9.759450752,128
2,8,5,18,5,1.78,16.2,0.38,0.076,0.3,9,1,9.759450752,173
2,8,5,18,5,1.78,15.8,0.33,0.066,0.3,6.5,1,9.759450752,130
2,8,5,18,5,3.3,16.5,0.52,0.052,0.3,4,1.2,9.698970004,71
2,8,5,18,5,3.3,16,0.65,0.065,0.3,10,1.5,9.698970004,118
2,8,5,18,5,3.1,16.5,0.65,0.065,0.3,7.2,1.6,9.853871964,82
2,8,5,18,5,2.6,17,0.52,0.052,0.3,6.5,1.4,10.15490196,67
1,6,5,20,4,1.8,15.2,0.178,0.025,0.36,9,1,9.301029996,696
1,6,5,20,4,1.9,15,0.217,0.026,0.32,7,1,9.22184875,245
1,6,5,20,4,1.78,16,0.33,0.066,0.3,7.5,1.9,9.455931956,179
1,6,5,20,4,1.78,16.5,0.38,0.076,0.3,6,1.5,9.759450752,192
1,6,5,20,4,1.78,16.2,0.38,0.076,0.3,9,1,9.759450752,393
1,6,5,20,4,1.78,15.8,0.33,0.066,0.3,6.5,1,9.759450752,269
1,6,5,20,4,3.3,16.5,0.52,0.052,0.3,4,1.2,9.698970004,109
1,6,5,20,4,3.3,16,0.65,0.065,0.3,10,1.5,9.698970004,188
1,6,5,20,4,3.1,16.5,0.65,0.065,0.3,7.2,1.6,9.853871964,121
1,6,5,20,4,2.6,17,0.52,0.052,0.3,6.5,1.4,10.15490196,108
1,8,6,18,5,1.8,15.2,0.178,0.025,0.36,9,1,9.301029996,814
1,8,6,18,5,1.9,15,0.217,0.026,0.32,7,1,9.22184875,254
1,8,6,18,5,1.78,16,0.33,0.066,0.3,7.5,1.9,9.455931956,193
1,8,6,18,5,1.78,16.5,0.38,0.076,0.3,6,1.5,9.759450752,203
1,8,6,18,5,1.78,16.2,0.38,0.076,0.3,9,1,9.759450752,404
1,8,6,18,5,1.78,15.8,0.33,0.066,0.3,6.5,1,9.759450752,279
1,8,6,18,5,3.3,16.5,0.52,0.052,0.3,4,1.2,9.698970004,114
1,8,6,18,5,3.3,16,0.65,0.065,0.3,10,1.5,9.698970004,198
1,8,6,18,5,3.1,16.5,0.65,0.065,0.3,7.2,1.6,9.853871964,128
1,8,6,18,5,2.6,17,0.52,0.052,0.3,6.5,1.4,10.15490196,112
2,6,6,19,2,1.8,15.2,0.178,0.025,0.36,9,1,9.301029996,233
2,6,6,19,2,1.9,15,0.217,0.026,0.32,7,1,9.22184875,116
2,6,6,19,2,1.78,16,0.33,0.066,0.3,7.5,1.9,9.455931956,118
2,6,6,19,2,1.78,16.5,0.38,0.076,0.3,6,1.5,9.759450752,103
2,6,6,19,2,1.78,16.2,0.38,0.076,0.3,9,1,9.759450752,166
2,6,6,19,2,1.78,15.8,0.33,0.066,0.3,6.5,1,9.759450752,118
2,6,6,19,2,3.3,16.5,0.52,0.052,0.3,4,1.2,9.698970004,65
2,6,6,19,2,3.3,16,0.65,0.065,0.3,10,1.5,9.698970004,125
2,6,6,19,2,3.1,16.5,0.65,0.065,0.3,7.2,1.6,9.853871964,71
2,6,6,19,2,2.6,17,0.52,0.052,0.3,6.5,1.4,10.15490196,53
2,10,6,20,3,1.8,15.2,0.178,0.025,0.36,9,1,9.301029996,320
2,10,6,20,3,1.9,15,0.217,0.026,0.32,7,1,9.22184875,137
2,10,6,20,3,1.78,16,0.33,0.066,0.3,7.5,1.9,9.455931956,130
2,10,6,20,3,1.78,16.5,0.38,0.076,0.3,6,1.5,9.759450752,113
2,10,6,20,3,1.78,16.2,0.38,0.076,0.3,9,1,9.759450752,189
2,10,6,20,3,1.78,15.8,0.33,0.066,0.3,6.5,1,9.759450752,136
2,10,6,20,3,3.3,16.5,0.52,0.052,0.3,4,1.2,9.698970004,72
2,10,6,20,3,3.3,16,0.65,0.065,0.3,10,1.5,9.698970004,137
2,10,6,20,3,3.1,16.5,0.65,0.065,0.3,7.2,1.6,9.853871964,78
2,10,6,20,3,2.6,17,0.52,0.052,0.3,6.5,1.4,10.15490196,62
3,10,5,18,7,2.52,14.22,1.09,0.12,0.32,5.29,2.1,7.986152004,283
3,10,5,18,7,1.93,14.81,0.61,0.03,0.31,7.04,1.7,8.011262725,94
3,10,5,18,7,0.57,23.25,0.29,0.02,0.3,6.4,1.9,7.063385738,82
3,10,5,18,7,1.52,16.58,0.48,0.03,0.36,7.12,1.6,7.811915626,171
3,10,5,18,7,1.28,18.84,0.41,0.02,0.33,9.55,1.5,7.798876103,166
3,10,5,18,7,1.88,12.65,0.46,0.03,0.32,4.7,1.5,7.863660003,108
3,10,5,18,7,2.06,15.89,1.06,0.12,0.31,6.38,3.5,7.106238238,318
3,10,5,18,7,2.07,15.3,0.66,0.03,0.29,12.1,1.4,7.882463567,281
3,10,5,18,7,1.76,14.91,0.43,0.03,0.28,3.53,1.6,7.68268898,94
3,10,5,18,7,0.9,16.5,0.14,0.05,0.25,6.5,1.2,8.11577123,202
2,10,5,18,7,2.52,14.22,1.09,0.12,0.32,5.29,2.1,7.986152004,306
2,10,5,18,7,1.93,14.81,0.61,0.03,0.31,7.04,1.7,8.011262725,102
2,10,5,18,7,0.57,23.25,0.29,0.02,0.3,6.4,1.9,7.063385738,87
2,10,5,18,7,1.52,16.58,0.48,0.03,0.36,7.12,1.6,7.811915626,188
2,10,5,18,7,1.28,18.84,0.41,0.02,0.33,9.55,1.5,7.798876103,177
2,10,5,18,7,1.88,12.65,0.46,0.03,0.32,4.7,1.5,7.863660003,119
2,10,5,18,7,2.06,15.89,1.06,0.12,0.31,6.38,3.5,7.106238238,342
2,10,5,18,7,2.07,15.3,0.66,0.03,0.29,12.1,1.4,7.882463567,299
2,10,5,18,7,1.76,14.91,0.43,0.03,0.28,3.53,1.6,7.68268898,100
2,10,5,18,7,0.9,16.5,0.14,0.05,0.25,6.5,1.2,8.11577123,216
2,10,5,20,5,1.8,15.2,0.178,0.025,0.36,9,1,9.301029996,402
2,10,5,20,5,1.9,15,0.217,0.026,0.32,7,1,9.22184875,131
2,10,5,20,5,1.78,16,0.33,0.066,0.3,7.5,1.9,9.455931956,137
2,10,5,20,5,1.78,16.5,0.38,0.076,0.3,6,1.5,9.759450752,132
2,10,5,20,5,1.78,16.2,0.38,0.076,0.3,9,1,9.759450752,190
2,10,5,20,5,1.78,15.8,0.33,0.066,0.3,6.5,1,9.759450752,144
2,10,5,20,5,3.3,16.5,0.52,0.052,0.3,4,1.2,9.698970004,76
2,10,5,20,5,3.3,16,0.65,0.065,0.3,10,1.5,9.698970004,130
2,10,5,20,5,3.1,16.5,0.65,0.065,0.3,7.2,1.6,9.853871964,86
2,10,5,20,5,2.6,17,0.52,0.052,0.3,6.5,1.4,10.15490196,71
2,10,4,20,5,1.8,15.2,0.178,0.025,0.36,9,1,9.301029996,238
2,10,4,20,5,1.9,15,0.217,0.026,0.32,7,1,9.22184875,100
2,10,4,20,5,1.78,16,0.33,0.066,0.3,7.5,1.9,9.455931956,117
2,10,4,20,5,1.78,16.5,0.38,0.076,0.3,6,1.5,9.759450752,116
2,10,4,20,5,1.78,16.2,0.38,0.076,0.3,9,1,9.759450752,154
2,10,4,20,5,1.78,15.8,0.33,0.066,0.3,6.5,1,9.759450752,121
2,10,4,20,5,3.3,16.5,0.52,0.052,0.3,4,1.2,9.698970004,65
2,10,4,20,5,3.3,16,0.65,0.065,0.3,10,1.5,9.698970004,100
2,10,4,20,5,3.1,16.5,0.65,0.065,0.3,7.2,1.6,9.853871964,74
2,10,4,20,5,2.6,17,0.52,0.052,0.3,6.5,1.4,10.15490196,62
2,10,6,20,5,1.8,15.2,0.178,0.025,0.36,9,1,9.301029996,650
2,10,6,20,5,1.9,15,0.217,0.026,0.32,7,1,9.22184875,178
2,10,6,20,5,1.78,16,0.33,0.066,0.3,7.5,1.9,9.455931956,173
2,10,6,20,5,1.78,16.5,0.38,0.076,0.3,6,1.5,9.759450752,168
2,10,6,20,5,1.78,16.2,0.38,0.076,0.3,9,1,9.759450752,261
2,10,6,20,5,1.78,15.8,0.33,0.066,0.3,6.5,1,9.759450752,195
2,10,6,20,5,3.3,16.5,0.52,0.052,0.3,4,1.2,9.698970004,97
2,10,6,20,5,3.3,16,0.65,0.065,0.3,10,1.5,9.698970004,170
2,10,6,20,5,3.1,16.5,0.65,0.065,0.3,7.2,1.6,9.853871964,110
2,10,6,20,5,2.6,17,0.52,0.052,0.3,6.5,1.4,10.15490196,92
2,10,6,19,5,0.788,18.58,0.0576,0.0106,0.36,5,3.5,9,50
2,10,6,19,5,0.589,18.38,0.0425,0.016,0.36,5,2.8,9,85
2,10,6,19,5,0.815,20,0.066,0.029,0.36,5,1,9,192
2,10,6,19,5,0.949,18.11,0.127,0.05,0.36,5,1.5,9,210
2,10,6,19,5,2,15,0.217,0.0276,0.35,5,7.5,8.958607315,84
2,10,6,19,5,2,15,0.217,0.027,0.34,6,5.5,8.823908741,83
2,10,6,19,5,2,14.8,0.261,0.035,0.36,7,3.5,8.22184875,121
2,10,6,19,5,2.2,14.5,0.304,0.06,0.37,8,1.8,8.013228266,321
2,10,6,19,5,2.1,14.5,0.304,0.06,0.37,4,1,8.698970004,387
2,6,6,19,3,0.788,18.58,0.0576,0.0106,0.36,5,3.5,9,41
2,6,6,19,3,0.589,18.38,0.0425,0.016,0.36,5,2.8,9,72
2,6,6,19,3,0.815,20,0.066,0.029,0.36,5,1,9,175
2,6,6,19,3,0.949,18.11,0.127,0.05,0.36,5,1.5,9,185
2,6,6,19,3,2,15,0.217,0.0276,0.35,5,7.5,8.958607315,66
2,6,6,19,3,2,15,0.217,0.027,0.34,6,5.5,8.823908741,65
2,6,6,19,3,2,14.8,0.261,0.035,0.36,7,3.5,8.22184875,93
2,6,6,19,3,2.2,14.5,0.304,0.06,0.37,8,1.8,8.013228266,271
2,6,6,19,3,2.1,14.5,0.304,0.06,0.37,4,1,8.698970004,247
2,6,6,19,5,0.788,18.58,0.0576,0.0106,0.36,5,3.5,9,53
2,6,6,19,5,0.589,18.38,0.0425,0.016,0.36,5,2.8,9,92
2,6,6,19,5,0.815,20,0.066,0.029,0.36,5,1,9,224
2,6,6,19,5,0.949,18.11,0.127,0.05,0.36,5,1.5,9,234
2,6,6,19,5,2,15,0.217,0.0276,0.35,5,7.5,8.958607315,88
2,6,6,19,5,2,15,0.217,0.027,0.34,6,5.5,8.823908741,86
2,6,6,19,5,2,14.8,0.261,0.035,0.36,7,3.5,8.22184875,128
2,6,6,19,5,2.2,14.5,0.304,0.06,0.37,8,1.8,8.013228266,348
2,6,6,19,5,2.1,14.5,0.304,0.06,0.37,4,1,8.698970004,448
2,6,6,19,7,0.788,18.58,0.0576,0.0106,0.36,5,3.5,9,62
2,6,6,19,7,0.589,18.38,0.0425,0.016,0.36,5,2.8,9,107
2,6,6,19,7,0.815,20,0.066,0.029,0.36,5,1,9,247
2,6,6,19,7,0.949,18.11,0.127,0.05,0.36,5,1.5,9,281
2,6,6,19,7,2,15,0.217,0.0276,0.35,5,7.5,8.958607315,102
2,6,6,19,7,2,15,0.217,0.027,0.34,6,5.5,8.823908741,99
2,6,6,19,7,2,14.8,0.261,0.035,0.36,7,3.5,8.22184875,149
2,6,6,19,7,2.2,14.5,0.304,0.06,0.37,8,1.8,8.013228266,388
2,6,6,19,7,2.1,14.5,0.304,0.06,0.37,4,1,8.698970004,522
1,6,5,20,5,1.8,15.2,0.178,0.025,0.36,9,1,9.301029996,785
1,6,5,20,5,1.9,15,0.217,0.026,0.32,7,1,9.22184875,265
1,6,5,20,5,1.78,16,0.33,0.066,0.3,7.5,1.9,9.455931956,205
1,6,5,20,5,1.78,16.5,0.38,0.076,0.3,6,1.5,9.759450752,225
1,6,5,20,5,1.78,16.2,0.38,0.076,0.3,9,1,9.759450752,431
1,6,5,20,5,1.78,15.8,0.33,0.066,0.3,6.5,1,9.759450752,306
1,6,5,20,5,3.3,16.5,0.52,0.052,0.3,4,1.2,9.698970004,124
1,6,5,20,5,3.3,16,0.65,0.065,0.3,10,1.5,9.698970004,208
1,6,5,20,5,3.1,16.5,0.65,0.065,0.3,7.2,1.6,9.853871964,140
1,6,5,20,5,2.6,17,0.52,0.052,0.3,6.5,1.4,10.15490196,126
2,6,5,20,5,1.8,15.2,0.178,0.025,0.36,9,1,9.301029996,496
2,6,5,20,5,1.9,15,0.217,0.026,0.32,7,1,9.22184875,146
2,6,5,20,5,1.78,16,0.33,0.066,0.3,7.5,1.9,9.455931956,154
2,6,5,20,5,1.78,16.5,0.38,0.076,0.3,6,1.5,9.759450752,154
2,6,5,20,5,1.78,16.2,0.38,0.076,0.3,9,1,9.759450752,222
2,6,5,20,5,1.78,15.8,0.33,0.066,0.3,6.5,1,9.759450752,168
2,6,5,20,5,3.3,16.5,0.52,0.052,0.3,4,1.2,9.698970004,86
2,6,5,20,5,3.3,16,0.65,0.065,0.3,10,1.5,9.698970004,146
2,6,5,20,5,3.1,16.5,0.65,0.065,0.3,7.2,1.6,9.853871964,99
2,6,5,20,5,2.6,17,0.52,0.052,0.3,6.5,1.4,10.15490196,83
3,6,5,20,5,1.8,15.2,0.178,0.025,0.36,9,1,9.301029996,202
3,6,5,20,5,1.9,15,0.217,0.026,0.32,7,1,9.22184875,118
3,6,5,20,5,1.78,16,0.33,0.066,0.3,7.5,1.9,9.455931956,133
3,6,5,20,5,1.78,16.5,0.38,0.076,0.3,6,1.5,9.759450752,128
3,6,5,20,5,1.78,16.2,0.38,0.076,0.3,9,1,9.759450752,170
3,6,5,20,5,1.78,15.8,0.33,0.066,0.3,6.5,1,9.759450752,129
3,6,5,20,5,3.3,16.5,0.52,0.052,0.3,4,1.2,9.698970004,73
3,6,5,20,5,3.3,16,0.65,0.065,0.3,10,1.5,9.698970004,124
3,6,5,20,5,3.1,16.5,0.65,0.065,0.3,7.2,1.6,9.853871964,83
3,6,5,20,5,2.6,17,0.52,0.052,0.3,6.5,1.4,10.15490196,68
1,6,4,18,4,1.8,15.2,0.178,0.025,0.36,9,1,9.301029996,371
1,6,4,18,4,1.9,15,0.217,0.026,0.32,7,1,9.22184875,133
1,6,4,18,4,1.78,16,0.33,0.066,0.3,7.5,1.9,9.455931956,134
1,6,4,18,4,1.78,16.5,0.38,0.076,0.3,6,1.5,9.759450752,143
1,6,4,18,4,1.78,16.2,0.38,0.076,0.3,9,1,9.759450752,222
1,6,4,18,4,1.78,15.8,0.33,0.066,0.3,6.5,1,9.759450752,167
1,6,4,18,4,3.3,16.5,0.52,0.052,0.3,4,1.2,9.698970004,79
1,6,4,18,4,3.3,16,0.65,0.065,0.3,10,1.5,9.698970004,118
1,6,4,18,4,3.1,16.5,0.65,0.065,0.3,7.2,1.6,9.853871964,89
1,6,4,18,4,2.6,17,0.52,0.052,0.3,6.5,1.4,10.15490196,78
2,6,5,19,6,1.8,15.2,0.178,0.025,0.36,9,1,9.301029996,425
2,6,5,19,6,1.9,15,0.217,0.026,0.32,7,1,9.22184875,143
2,6,5,19,6,1.78,16,0.33,0.066,0.3,7.5,1.9,9.455931956,165
2,6,5,19,6,1.78,16.5,0.38,0.076,0.3,6,1.5,9.759450752,170
2,6,5,19,6,1.78,16.2,0.38,0.076,0.3,9,1,9.759450752,231
2,6,5,19,6,1.78,15.8,0.33,0.066,0.3,6.5,1,9.759450752,178
2,6,5,19,6,3.3,16.5,0.52,0.052,0.3,4,1.2,9.698970004,92
2,6,5,19,6,3.3,16,0.65,0.065,0.3,10,1.5,9.698970004,151
2,6,5,19,6,3.1,16.5,0.65,0.065,0.3,7.2,1.6,9.853871964,108
2,6,5,19,6,2.6,17,0.52,0.052,0.3,6.5,1.4,10.15490196,91
3,6,6,20,8,1.8,15.2,0.178,0.025,0.36,9,1,9.301029996,278
3,6,6,20,8,1.9,15,0.217,0.026,0.32,7,1,9.22184875,158
3,6,6,20,8,1.78,16,0.33,0.066,0.3,7.5,1.9,9.455931956,194
3,6,6,20,8,1.78,16.5,0.38,0.076,0.3,6,1.5,9.759450752,194
3,6,6,20,8,1.78,16.2,0.38,0.076,0.3,9,1,9.759450752,254
3,6,6,20,8,1.78,15.8,0.33,0.066,0.3,6.5,1,9.759450752,200
3,6,6,20,8,3.3,16.5,0.52,0.052,0.3,4,1.2,9.698970004,105
3,6,6,20,8,3.3,16,0.65,0.065,0.3,10,1.5,9.698970004,182
3,6,6,20,8,3.1,16.5,0.65,0.065,0.3,7.2,1.6,9.853871964,125
3,6,6,20,8,2.6,17,0.52,0.052,0.3,6.5,1.4,10.15490196,104
2,8,6,18,4,2.52,14.22,1.09,0.12,0.32,5.29,2.1,7.986152004,286
2,8,6,18,4,1.93,14.81,0.61,0.03,0.31,7.04,1.7,8.011262725,108
2,8,6,18,4,0.57,23.25,0.29,0.02,0.3,6.4,1.9,7.063385738,79
2,8,6,18,4,1.52,16.58,0.48,0.03,0.36,7.12,1.6,7.811915626,197
2,8,6,18,4,1.28,18.84,0.41,0.02,0.33,9.55,1.5,7.798876103,198
2,8,6,18,4,1.88,12.65,0.46,0.03,0.32,4.7,1.5,7.863660003,105
2,8,6,18,4,2.06,15.89,1.06,0.12,0.31,6.38,3.5,7.106238238,300
2,8,6,18,4,2.07,15.3,0.66,0.03,0.29,12.1,1.4,7.882463567,337
2,8,6,18,4,1.76,14.91,0.43,0.03,0.28,3.53,1.6,7.68268898,88
2,8,6,18,4,0.9,16.5,0.14,0.05,0.25,6.5,1.2,8.11577123,213
2,8,6,19,4,2.52,14.22,1.09,0.12,0.32,5.29,2.1,7.986152004,299
2,8,6,19,4,1.93,14.81,0.61,0.03,0.31,7.04,1.7,8.011262725,119
2,8,6,19,4,0.57,23.25,0.29,0.02,0.3,6.4,1.9,7.063385738,82
2,8,6,19,4,1.52,16.58,0.48,0.03,0.36,7.12,1.6,7.811915626,213
2,8,6,19,4,1.28,18.84,0.41,0.02,0.33,9.55,1.5,7.798876103,211
2,8,6,19,4,1.88,12.65,0.46,0.03,0.32,4.7,1.5,7.863660003,111
2,8,6,19,4,2.06,15.89,1.06,0.12,0.31,6.38,3.5,7.106238238,311
2,8,6,19,4,2.07,15.3,0.66,0.03,0.29,12.1,1.4,7.882463567,362
2,8,6,19,4,1.76,14.91,0.43,0.03,0.28,3.53,1.6,7.68268898,91
2,8,6,19,4,0.9,16.5,0.14,0.05,0.25,6.5,1.2,8.11577123,223
2,8,6,20,4,2.52,14.22,1.09,0.12,0.32,5.29,2.1,7.986152004,311
2,8,6,20,4,1.93,14.81,0.61,0.03,0.31,7.04,1.7,8.011262725,130
2,8,6,20,4,0.57,23.25,0.29,0.02,0.3,6.4,1.9,7.063385738,85
2,8,6,20,4,1.52,16.58,0.48,0.03,0.36,7.12,1.6,7.811915626,228
2,8,6,20,4,1.28,18.84,0.41,0.02,0.33,9.55,1.5,7.798876103,223
2,8,6,20,4,1.88,12.65,0.46,0.03,0.32,4.7,1.5,7.863660003,117
2,8,6,20,4,2.06,15.89,1.06,0.12,0.31,6.38,3.5,7.106238238,322
2,8,6,20,4,2.07,15.3,0.66,0.03,0.29,12.1,1.4,7.882463567,388
2,8,6,20,4,1.76,14.91,0.43,0.03,0.28,3.53,1.6,7.68268898,94
2,8,6,20,4,0.9,16.5,0.14,0.05,0.25,6.5,1.2,8.11577123,234
1,6,4,18,3,2.52,14.22,1.09,0.12,0.32,5.29,2.1,7.986152004,215
1,6,4,18,3,1.93,14.81,0.61,0.03,0.31,7.04,1.7,8.011262725,72
1,6,4,18,3,0.57,23.25,0.29,0.02,0.3,6.4,1.9,7.063385738,59
1,6,4,18,3,1.52,16.58,0.48,0.03,0.36,7.12,1.6,7.811915626,132
1,6,4,18,3,1.28,18.84,0.41,0.02,0.33,9.55,1.5,7.798876103,122
1,6,4,18,3,1.88,12.65,0.46,0.03,0.32,4.7,1.5,7.863660003,87
1,6,4,18,3,2.06,15.89,1.06,0.12,0.31,6.38,3.5,7.106238238,220
1,6,4,18,3,2.07,15.3,0.66,0.03,0.29,12.1,1.4,7.882463567,224
1,6,4,18,3,1.76,14.91,0.43,0.03,0.28,3.53,1.6,7.68268898,66
1,6,4,18,3,0.9,16.5,0.14,0.05,0.25,6.5,1.2,8.11577123,159
1,6,4,19,3,2.52,14.22,1.09,0.12,0.32,5.29,2.1,7.986152004,225
1,6,4,19,3,1.93,14.81,0.61,0.03,0.31,7.04,1.7,8.011262725,76
1,6,4,19,3,0.57,23.25,0.29,0.02,0.3,6.4,1.9,7.063385738,61
1,6,4,19,3,1.52,16.58,0.48,0.03,0.36,7.12,1.6,7.811915626,147
1,6,4,19,3,1.28,18.84,0.41,0.02,0.33,9.55,1.5,7.798876103,135
1,6,4,19,3,1.88,12.65,0.46,0.03,0.32,4.7,1.5,7.863660003,92
1,6,4,19,3,2.06,15.89,1.06,0.12,0.31,6.38,3.5,7.106238238,229
1,6,4,19,3,2.07,15.3,0.66,0.03,0.29,12.1,1.4,7.882463567,242
1,6,4,19,3,1.76,14.91,0.43,0.03,0.28,3.53,1.6,7.68268898,69
1,6,4,19,3,0.9,16.5,0.14,0.05,0.25,6.5,1.2,8.11577123,168
1,6,4,20,3,2.52,14.22,1.09,0.12,0.32,5.29,2.1,7.986152004,235
1,6,4,20,3,1.93,14.81,0.61,0.03,0.31,7.04,1.7,8.011262725,81
1,6,4,20,3,0.57,23.25,0.29,0.02,0.3,6.4,1.9,7.063385738,64
1,6,4,20,3,1.52,16.58,0.48,0.03,0.36,7.12,1.6,7.811915626,163
1,6,4,20,3,1.28,18.84,0.41,0.02,0.33,9.55,1.5,7.798876103,147
1,6,4,20,3,1.88,12.65,0.46,0.03,0.32,4.7,1.5,7.863660003,98
1,6,4,20,3,2.06,15.89,1.06,0.12,0.31,6.38,3.5,7.106238238,236
1,6,4,20,3,2.07,15.3,0.66,0.03,0.29,12.1,1.4,7.882463567,261
1,6,4,20,3,1.76,14.91,0.43,0.03,0.28,3.53,1.6,7.68268898,72
1,6,4,20,3,0.9,16.5,0.14,0.05,0.25,6.5,1.2,8.11577123,178
1,6,6,20,8,2.52,14.22,1.09,0.12,0.32,5.29,2.1,7.986152004,500
1,6,6,20,8,1.93,14.81,0.61,0.03,0.31,7.04,1.7,8.011262725,216
1,6,6,20,8,0.57,23.25,0.29,0.02,0.3,6.4,1.9,7.063385738,133
1,6,6,20,8,1.52,16.58,0.48,0.03,0.36,7.12,1.6,7.811915626,404
1,6,6,20,8,1.28,18.84,0.41,0.02,0.33,9.55,1.5,7.798876103,304
1,6,6,20,8,1.88,12.65,0.46,0.03,0.32,4.7,1.5,7.863660003,254
1,6,6,20,8,2.06,15.89,1.06,0.12,0.31,6.38,3.5,7.106238238,488
1,6,6,20,8,2.07,15.3,0.66,0.03,0.29,12.1,1.4,7.882463567,488
1,6,6,20,8,1.76,14.91,0.43,0.03,0.28,3.53,1.6,7.68268898,161
1,6,6,20,8,0.9,16.5,0.14,0.05,0.25,6.5,1.2,8.11577123,384
3,6,6,20,2,1.57,16.1,0.18,0.01,0.3,5,1.1,6.744727495,26
3,6,6,20,2,2.45,14.4,0.25,0.04,0.3,3.5,1.4,8.346787486,39
3,6,6,20,2,2.16,15.2,0.21,0.02,0.3,4.5,1.1,8.537602002,47
3,6,6,20,2,1.76,15.7,0.21,0.02,0.3,5.5,1.2,8.823908741,72
3,6,6,20,2,1.53,16.2,0.15,0.02,0.3,7.5,1.3,9.22184875,89
3,6,6,20,2,2.3,14.8,0.57,0.06,0.15,5,1.8,8.219538667,109
3,6,6,20,2,2.7,14.3,0.76,0.08,0.15,6,2.1,8.444180317,118
3,6,6,20,2,2.9,14,0.87,0.09,0.15,4.5,1.7,8.935542011,101
3,6,6,20,2,2.8,14,0.76,0.076,0.15,4,1.6,9.236572006,38
3,6,6,20,2,1.81,15.7,0.18,0.02,0.3,3,1.3,8.251811973,67
1,10,5,19,5,1.57,16.1,0.18,0.01,0.3,5,1.1,6.744727495,60
1,10,5,19,5,2.45,14.4,0.25,0.04,0.3,3.5,1.4,8.346787486,80
1,10,5,19,5,2.16,15.2,0.21,0.02,0.3,4.5,1.1,8.537602002,83
1,10,5,19,5,1.76,15.7,0.21,0.02,0.3,5.5,1.2,8.823908741,96
1,10,5,19,5,1.53,16.2,0.15,0.02,0.3,7.5,1.3,9.22184875,130
1,10,5,19,5,2.3,14.8,0.57,0.06,0.15,5,1.8,8.219538667,153
1,10,5,19,5,2.7,14.3,0.76,0.08,0.15,6,2.1,8.444180317,151
1,10,5,19,5,2.9,14,0.87,0.09,0.15,4.5,1.7,8.935542011,126
1,10,5,19,5,2.8,14,0.76,0.076,0.15,4,1.6,9.236572006,75
1,10,5,19,5,1.81,15.7,0.18,0.02,0.3,3,1.3,8.251811973,121
1,10,5,19,4,1.57,16.1,0.18,0.01,0.3,5,1.1,6.744727495,56
1,10,5,19,4,2.45,14.4,0.25,0.04,0.3,3.5,1.4,8.346787486,74
1,10,5,19,4,2.16,15.2,0.21,0.02,0.3,4.5,1.1,8.537602002,76
1,10,5,19,4,1.76,15.7,0.21,0.02,0.3,5.5,1.2,8.823908741,89
1,10,5,19,4,1.53,16.2,0.15,0.02,0.3,7.5,1.3,9.22184875,120
1,10,5,19,4,2.3,14.8,0.57,0.06,0.15,5,1.8,8.219538667,142
1,10,5,19,4,2.7,14.3,0.76,0.08,0.15,6,2.1,8.444180317,142
1,10,5,19,4,2.9,14,0.87,0.09,0.15,4.5,1.7,8.935542011,116
1,10,5,19,4,2.8,14,0.76,0.076,0.15,4,1.6,9.236572006,68
1,10,5,19,4,1.81,15.7,0.18,0.02,0.3,3,1.3,8.251811973,109
2,6,5,19,6,1.57,16.1,0.18,0.01,0.3,5,1.1,6.744727495,45
2,6,5,19,6,2.45,14.4,0.25,0.04,0.3,3.5,1.4,8.346787486,68
2,6,5,19,6,2.16,15.2,0.21,0.02,0.3,4.5,1.1,8.537602002,73
2,6,5,19,6,1.76,15.7,0.21,0.02,0.3,5.5,1.2,8.823908741,87
2,6,5,19,6,1.53,16.2,0.15,0.02,0.3,7.5,1.3,9.22184875,132
2,6,5,19,6,2.3,14.8,0.57,0.06,0.15,5,1.8,8.219538667,154
2,6,5,19,6,2.7,14.3,0.76,0.08,0.15,6,2.1,8.444180317,153
2,6,5,19,6,2.9,14,0.87,0.09,0.15,4.5,1.7,8.935542011,129
2,6,5,19,6,2.8,14,0.76,0.076,0.15,4,1.6,9.236572006,69
2,6,5,19,6,1.81,15.7,0.18,0.02,0.3,3,1.3,8.251811973,116
2,6,5,19,7,1.57,16.1,0.18,0.01,0.3,5,1.1,6.744727495,41
2,6,5,19,7,2.45,14.4,0.25,0.04,0.3,3.5,1.4,8.346787486,71
2,6,5,19,7,2.16,15.2,0.21,0.02,0.3,4.5,1.1,8.537602002,77
2,6,5,19,7,1.76,15.7,0.21,0.02,0.3,5.5,1.2,8.823908741,92
2,6,5,19,7,1.53,16.2,0.15,0.02,0.3,7.5,1.3,9.22184875,135
2,6,5,19,7,2.3,14.8,0.57,0.06,0.15,5,1.8,8.219538667,158
2,6,5,19,7,2.7,14.3,0.76,0.08,0.15,6,2.1,8.444180317,161
2,6,5,19,7,2.9,14,0.87,0.09,0.15,4.5,1.7,8.935542011,138
2,6,5,19,7,2.8,14,0.76,0.076,0.15,4,1.6,9.236572006,73
2,6,5,19,7,1.81,15.7,0.18,0.02,0.3,3,1.3,8.251811973,123
3,6,6,20,3,1.57,16.1,0.18,0.01,0.3,5,1.1,6.744727495,31
3,6,6,20,3,2.45,14.4,0.25,0.04,0.3,3.5,1.4,8.346787486,51
3,6,6,20,3,2.16,15.2,0.21,0.02,0.3,4.5,1.1,8.537602002,60
3,6,6,20,3,1.76,15.7,0.21,0.02,0.3,5.5,1.2,8.823908741,83
3,6,6,20,3,1.53,16.2,0.15,0.02,0.3,7.5,1.3,9.22184875,115
3,6,6,20,3,2.3,14.8,0.57,0.06,0.15,5,1.8,8.219538667,138
3,6,6,20,3,2.7,14.3,0.76,0.08,0.15,6,2.1,8.444180317,141
3,6,6,20,3,2.9,14,0.87,0.09,0.15,4.5,1.7,8.935542011,116
3,6,6,20,3,2.8,14,0.76,0.076,0.15,4,1.6,9.236572006,51
3,6,6,20,3,1.81,15.7,0.18,0.02,0.3,3,1.3,8.251811973,89
2,10,4,20,7,1.25,15.5,0.2,0.03,0.32,8,1.1,8.301029996,158
2,10,4,20,7,1.25,15.5,0.2,0.03,0.32,8,1.3,8.301029996,142
2,10,5,20,7,1.25,15.5,0.2,0.03,0.32,8,1.5,8.301029996,182
2,10,5,20,7,1.25,15.5,0.2,0.03,0.32,8,1.7,8.301029996,168
2,10,5,20,7,1.25,15.5,0.2,0.03,0.32,8,1.9,8.301029996,157
2,10,6,20,7,1.5,16,0.2,0.03,0.32,8,1.2,8.301029996,221
2,10,6,20,7,1.5,16,0.2,0.03,0.32,8,1.4,8.301029996,201
2,10,6,20,7,1.5,16,0.2,0.03,0.32,8,1.6,8.301029996,186
2,10,6,20,7,1.5,16,0.2,0.03,0.32,8,1.8,8.301029996,175
1,10,4,20,4,1.75,16.5,0.3,0.035,0.33,10,1.1,9,177
1,10,4,20,5,1.75,16.5,0.3,0.035,0.31,10,1.3,9,133
1,10,5,20,7,1.75,16.5,0.3,0.035,0.33,7.5,1.5,9,195
2,10,5,20,7,1.75,16.5,0.31,0.036,0.33,5,1.1,8.301029996,145
3,10,5,20,7,1.75,16.5,0.3,0.035,0.35,12,1.8,8.522878745,242
1,10,6,20,7,1.73,16.2,0.34,0.034,0.33,10,1.3,8.15490196,447
2,10,6,20,7,1.75,16.5,0.3,0.035,0.33,10,1.1,8,386
2,10,6,20,7,1.75,16.5,0.3,0.035,0.33,10,1.1,8.301029996,374
3,10,6,20,7,1.75,16.5,0.3,0.035,0.33,10,1.1,10,143
3,8,5,20,5,2.8,16.3,0.62,0.065,0.3,1.5,1.2,9,115
3,8,5,20,5,2.8,16.3,0.62,0.065,0.3,2.5,1.2,9,115
3,8,5,20,5,2.8,16.3,0.62,0.065,0.3,3.5,1.2,9,116
3,8,5,20,5,2.8,16.3,0.62,0.065,0.3,4.5,1.2,9,117
2,8,6,20,4,2.8,16.3,0.62,0.065,0.3,5.5,1.2,9,119
2,8,6,20,4,2.8,16.3,0.62,0.065,0.3,6.5,1.2,9,163
2,8,6,20,4,2.8,16.3,0.62,0.065,0.3,7.5,1.2,9,199
2,8,6,20,4,2.8,16.3,0.62,0.065,0.3,8.5,1.2,9,231
2,8,6,20,4,2.8,16.3,0.62,0.065,0.3,9.5,1.2,9,263
2,8,6,20,4,2.8,16.3,0.62,0.065,0.3,10.5,1.2,9,292
1,8,5,20,3,2.75,14.5,0.52,0.055,0.15,4,1.3,9,91
1,8,5,20,3,2.75,14.5,0.52,0.055,0.17,4,1.3,9,92
1,8,5,20,3,2.75,14.5,0.52,0.055,0.19,4,1.3,9,94
1,8,5,20,3,2.75,14.5,0.52,0.055,0.21,4,1.3,9,96
1,8,5,20,3,2.75,14.5,0.52,0.055,0.23,4,1.3,9,98
2,10,4,20,8,2.75,14.5,0.52,0.055,0.25,4,1.3,9,101
2,10,4,20,8,2.75,14.5,0.52,0.055,0.27,4,1.3,9,104
2,10,4,20,8,2.75,14.5,0.52,0.055,0.29,4,1.3,9,108
2,10,4,20,8,2.75,14.5,0.52,0.055,0.31,4,1.3,9,112
2,10,4,20,8,2.75,14.5,0.52,0.055,0.33,4,1.3,9,118
3,6,4,20,4,0.788,16.5,0.0576,0.0106,0.32,5,3.5,9,35
3,6,4,20,4,0.589,16.5,0.0425,0.016,0.32,5,2.8,9,58
3,6,4,20,4,0.815,16.5,0.0661,0.0292,0.32,5,1,9,98
3,6,4,20,4,0.949,16.5,0.127,0.0276,0.32,5,1.2,9,85
3,6,4,20,4,2,16.5,0.217,0.027,0.32,5,7.5,8.958607315,52
3,6,4,20,4,2,16.5,0.217,0.027,0.32,5,5.5,8.823908741,52
3,6,4,20,4,2,16.5,0.261,0.035,0.32,5,3.5,8.22184875,70
3,6,4,20,4,2.2,16.5,0.304,0.06,0.32,5,1.8,8.013228266,116
3,6,4,20,4,2.1,16.5,0.304,0.06,0.32,5,1,8.698970004,121
3,6,4,20,4,1.8,16.5,0.178,0.025,0.32,5,1,9.301029996,55
3,6,4,20,4,1.9,16.5,0.217,0.026,0.32,5,1,9.22184875,56
3,6,4,20,4,1.78,16.5,0.33,0.066,0.32,5,1.9,9.458420756,96
3,6,4,20,4,1.78,16.5,0.38,0.076,0.32,5,1.5,9.759450752,92
3,6,4,20,4,1.78,16.5,0.38,0.076,0.32,5,1,9.759450752,96
3,6,4,20,4,1.78,16.5,0.33,0.066,0.32,5,1,9.759450752,87
3,6,4,20,4,3.3,16.5,0.52,0.052,0.32,5,1.2,9.698970004,55
3,6,4,20,4,3.3,16.5,0.65,0.065,0.32,5,1.5,9.698970004,63
3,6,4,20,4,3.1,16.5,0.65,0.065,0.32,5,1.6,9.853871964,60
3,6,4,20,4,2.6,16.5,0.52,0.052,0.32,5,1.4,10.15490196,49
3,6,4,20,4,1.6,16.5,0.35,0.035,0.32,5,1.8,9.555955204,61
3,6,4,20,4,2.1,16.5,0.62,0.061,0.32,5,1.9,9.853871964,69
3,6,4,20,4,2.2,16.5,0.28,0.028,0.32,5,1.1,10,38
3,6,4,20,4,1.5,16.5,0.22,0.022,0.32,5,1.9,10.15490196,33
3,6,4,20,4,3.06,16.5,0.13,0.05,0.32,5,2.1,8.823908741,73
3,6,4,20,4,3.06,16.5,0.13,0.05,0.32,5,1.1,8.823908741,81
3,6,4,20,5,1.61,16.5,0.11,0.08,0.32,5,1.15,8.958607315,181
3,6,4,20,5,2.02,16.5,0.4696,0.03,0.32,5,3.5,9.698970004,47
3,6,4,20,5,2.45,16.5,0.7261,0.0343,0.32,5,1.8,9.853871964,47
3,6,4,20,5,1.72,16.5,0.4087,0.0274,0.32,5,1.8,10.15490196,42
3,6,4,20,5,2.52,16.5,1.0888,0.123,0.32,5,2.1,7.986152004,216
3,6,4,20,5,1.93,16.5,0.6087,0.0291,0.32,5,1.7,8.011262725,69
3,6,4,20,5,0.57,16.5,0.287,0.0157,0.32,5,1.9,7.063385738,71
3,6,4,20,5,1.52,16.5,0.4783,0.0252,0.32,5,1.6,7.811915626,71
3,6,4,20,5,1.28,16.5,0.413,0.0226,0.32,5,1.5,7.798876103,73
3,6,4,20,5,1.88,16.5,0.4565,0.0287,0.32,5,1.5,7.863660003,72
3,6,4,20,5,2.06,16.5,1.0586,0.1222,0.32,5,3.5,7.106238238,258
3,6,4,20,5,2.07,16.5,0.6609,0.0317,0.32,5,1.4,7.882463567,75
3,6,4,20,5,1.76,16.5,0.4348,0.0274,0.32,5,1.6,7.68268898,70
3,6,4,20,5,0.9,16.5,0.14,0.05,0.32,5,1.2,8.11577123,183
3,6,4,20,5,1.57,16.5,0.18,0.01,0.32,5,1.1,6.744727495,30
3,6,4,20,5,1.57,16.5,0.18,0.01,0.32,5,1.5,6.744727495,28
3,6,4,20,5,2.45,16.5,0.25,0.041,0.32,5,1.3,8.346787486,84
3,6,4,20,5,2.16,16.5,0.21,0.024,0.32,5,1.4,8.537602002,57
3,6,4,20,5,1.76,16.5,0.21,0.024,0.32,5,1.1,8.823908741,61
3,6,4,20,5,1.53,16.5,0.15,0.02,0.32,5,1.2,9.22184875,51
3,6,4,20,5,2.3,16.5,0.57,0.057,0.32,5,1.3,8.219538667,115
3,6,4,20,5,2.7,16.5,0.76,0.076,0.32,5,1.8,8.444180317,129
3,6,4,20,5,2.9,16.5,0.87,0.087,0.32,5,2.1,8.935542011,125
3,6,4,20,5,2.8,16.5,0.76,0.076,0.32,5,1.7,9.236572006,104
3,6,4,20,5,1.81,16.5,0.18,0.024,0.32,5,1.6,8.251811973,62
3,6,5,20,6,0.8,16.5,0.0582,0.0106,0.32,5,3.5,9,49
3,6,5,20,6,0.6,16.5,0.0425,0.017,0.32,5,2.2,9,95
3,6,5,20,6,0.815,16.5,0.0661,0.0292,0.32,5,1.2,9,139
3,6,5,20,6,0.97,16.5,0.127,0.0276,0.32,5,1.2,9,120
3,6,5,20,6,2.1,16.5,0.217,0.027,0.32,5,7.5,8.958607315,69
3,6,5,20,6,2.1,16.5,0.217,0.027,0.32,5,5.5,8.823908741,71
3,6,5,20,6,1.9,16.5,0.261,0.035,0.32,5,3.5,8.22184875,102
3,6,5,20,6,2.3,16.5,0.304,0.06,0.32,5,1.8,8.013228266,162
3,6,5,20,6,2.2,16.5,0.304,0.06,0.32,5,1,8.698970004,170
3,6,5,20,6,1.85,16.5,0.178,0.025,0.32,5,1,9.301029996,80
3,6,5,20,6,1.9,16.5,0.22,0.026,0.32,5,1,9.22184875,83
3,6,5,20,6,1.78,16.5,0.35,0.066,0.32,5,1.9,9.458420756,146
3,6,5,20,6,1.78,16.5,0.4,0.076,0.32,5,1.5,9.759450752,151
3,6,5,20,6,1.78,16.5,0.39,0.076,0.32,5,1,9.759450752,157
3,6,5,20,6,1.78,16.5,0.36,0.066,0.32,5,1,9.759450752,142
3,6,5,20,6,3.3,16.5,0.54,0.052,0.32,5,1.2,9.698970004,86
3,6,5,20,6,3.3,16.5,0.66,0.065,0.32,5,1.5,9.698970004,98
3,6,5,20,6,3.1,16.5,0.67,0.065,0.32,5,1.6,9.853871964,95
3,6,5,20,6,2.6,16.5,0.54,0.052,0.32,5,1.4,10.15490196,82
3,6,5,20,6,1.6,16.5,0.34,0.035,0.32,5,1.8,9.555955204,92
3,6,5,20,6,2.1,16.5,0.62,0.061,0.32,5,1.9,9.853871964,110
3,6,5,20,6,2.2,16.5,0.28,0.028,0.32,5,1.1,10,74
3,6,5,20,6,1.5,16.5,0.22,0.022,0.32,5,1.9,10.15490196,61
3,6,5,20,6,3.06,16.5,0.13,0.05,0.32,5,2.1,8.823908741,80
3,6,5,20,6,3.06,16.5,0.13,0.05,0.32,5,1.1,8.823908741,92
3,6,5,20,7,1.61,16.5,0.11,0.08,0.32,5,1.15,8.958607315,68
3,6,5,20,7,2.02,16.5,0.4696,0.03,0.32,5,3.5,9.698970004,70
3,6,5,20,7,2.45,16.5,0.7261,0.0343,0.32,5,1.8,9.853871964,71
3,6,5,20,7,1.72,16.5,0.4087,0.0274,0.32,5,1.8,10.15490196,66
3,6,5,20,7,2.52,16.5,1.0888,0.123,0.32,5,2.1,7.986152004,294
3,6,5,20,7,1.93,16.5,0.6087,0.0291,0.32,5,1.7,8.011262725,96
3,6,5,20,7,0.57,16.5,0.287,0.0157,0.32,5,1.9,7.063385738,99
3,6,5,20,7,1.52,16.5,0.4783,0.0252,0.32,5,1.6,7.811915626,99
3,6,5,20,7,1.28,16.5,0.413,0.0226,0.32,5,1.5,7.798876103,102
3,6,5,20,7,1.88,16.5,0.4565,0.0287,0.32,5,1.5,7.863660003,101
3,6,5,20,7,2.06,16.5,1.0586,0.1222,0.32,5,3.5,7.106238238,357
3,6,5,20,7,2.07,16.5,0.6609,0.0317,0.32,5,1.4,7.882463567,105
3,6,5,20,7,1.76,16.5,0.4348,0.0274,0.32,5,1.6,7.68268898,98
3,6,5,20,7,0.9,16.5,0.14,0.05,0.32,5,1.2,8.11577123,257
3,6,5,20,7,1.57,16.5,0.18,0.01,0.32,5,1.1,6.744727495,51
3,6,5,20,7,1.57,16.5,0.18,0.01,0.32,5,1.5,6.744727495,44
3,6,5,20,7,2.45,16.5,0.25,0.041,0.32,5,1.4,8.346787486,116
3,6,5,20,7,2.16,16.5,0.21,0.024,0.32,5,1.1,8.537602002,80
3,6,5,20,7,1.76,16.5,0.21,0.024,0.32,5,1.2,8.823908741,86
3,6,5,20,7,1.53,16.5,0.15,0.02,0.32,5,1.3,9.22184875,73
3,6,5,20,7,2.3,16.5,0.57,0.057,0.32,5,1.8,8.219538667,158
3,6,5,20,7,2.7,16.5,0.76,0.076,0.32,5,2.1,8.444180317,177
3,6,5,20,7,2.9,16.5,0.87,0.087,0.32,5,1.7,8.935542011,178
3,6,5,20,7,2.8,16.5,0.76,0.076,0.32,5,1.6,9.236572006,153
3,6,5,20,7,1.81,16.5,0.18,0.024,0.32,5,1.3,8.251811973,87
3,6,6,20,8,0.788,16.5,0.0576,0.0106,0.32,5,3.8,9,61
3,6,6,20,8,0.589,16.5,0.0425,0.016,0.32,5,2.8,9,101
3,6,6,20,8,0.815,16.5,0.0661,0.0292,0.32,5,1.5,9,188
3,6,6,20,8,0.949,16.5,0.127,0.0276,0.32,5,1.2,9,243
3,6,6,20,8,2,16.5,0.217,0.027,0.32,5,7.5,8.958607315,90
3,6,6,20,8,2,16.5,0.217,0.027,0.32,5,5.5,8.823908741,90
3,6,6,20,8,2,16.5,0.261,0.035,0.32,5,3.5,8.22184875,123
3,6,6,20,8,2.2,16.5,0.304,0.06,0.32,5,1.8,8.013228266,208
3,6,6,20,8,2.1,16.5,0.304,0.06,0.32,5,1,8.698970004,223
3,6,6,20,8,1.8,16.5,0.178,0.025,0.32,5,1,9.301029996,106
3,6,6,20,8,1.9,16.5,0.217,0.026,0.32,5,1,9.22184875,107
3,6,6,20,8,1.78,16.5,0.33,0.066,0.32,5,1.9,9.455931956,191
3,6,6,20,8,1.78,16.5,0.38,0.076,0.32,5,1.5,9.759450752,201
3,6,6,20,8,1.78,16.5,0.38,0.076,0.32,5,1,9.759450752,210
3,6,6,20,8,1.78,16.5,0.33,0.066,0.32,5,1,9.759450752,190
3,6,6,20,8,3.3,16.5,0.52,0.052,0.32,5,1.2,9.698970004,113
3,6,6,20,8,3.3,16.5,0.65,0.065,0.32,5,1.5,9.698970004,129
3,6,6,20,8,3.1,16.5,0.65,0.065,0.32,5,1.6,9.853871964,126
3,6,6,20,8,2.6,16.5,0.52,0.052,0.32,5,1.4,10.15490196,110
3,6,6,20,8,1.6,16.5,0.35,0.035,0.32,5,1.8,9.555955204,119
3,6,6,20,8,2.1,16.5,0.62,0.061,0.32,5,1.9,9.853871964,147
3,6,6,20,8,2.2,16.5,0.28,0.028,0.32,5,1.1,10,82
3,6,6,20,8,1.5,16.5,0.22,0.022,0.32,5,1.9,10.15490196,71
3,6,6,20,8,3.06,16.5,0.13,0.05,0.32,5,2.1,8.823908741,129
3,6,6,20,8,3.06,16.5,0.13,0.05,0.32,5,1.1,8.823908741,152
3,6,6,20,9,1.61,16.5,0.11,0.08,0.32,5,1.15,8.958607315,1358
3,6,6,20,9,2.02,16.5,0.4696,0.03,0.32,5,3.5,7.726026996,88
3,6,6,20,9,2.45,16.5,0.7261,0.0343,0.32,5,1.8,8.680269506,91
3,6,6,20,9,1.72,16.5,0.4087,0.0274,0.32,5,1.8,7.731422028,86
3,6,6,20,9,2.52,16.5,1.0888,0.123,0.32,5,2.1,7.986152004,360
3,6,6,20,9,1.93,16.5,0.6087,0.0291,0.32,5,1.7,8.011262725,117
3,6,6,20,9,0.57,16.5,0.287,0.0157,0.32,5,1.9,7.063385738,123
3,6,6,20,9,1.52,16.5,0.4783,0.0252,0.32,5,1.6,7.811915626,121
3,6,6,20,9,1.28,16.5,0.413,0.0226,0.32,5,1.5,7.798876103,125
3,6,6,20,9,1.88,16.5,0.4565,0.0287,0.32,5,1.5,7.863660003,124
3,6,6,20,9,2.06,16.5,1.0586,0.1222,0.32,5,3.5,7.106238238,433
3,6,6,20,9,2.07,16.5,0.6609,0.0317,0.32,5,1.4,7.882463567,130
3,6,6,20,9,1.76,16.5,0.4348,0.0274,0.32,5,1.6,7.68268898,121
3,6,6,20,9,0.9,16.5,0.14,0.05,0.32,5,1.2,8.11577123,320
3,6,6,20,9,1.57,16.5,0.18,0.01,0.32,5,1.1,6.744727495,70
3,6,6,20,9,1.57,16.5,0.18,0.01,0.32,5,1.5,6.744727495,60
3,6,6,20,9,1.81,16.5,0.18,0.024,0.32,5,1.3,8.251811973,144
3,6,6,20,9,2.45,16.5,0.25,0.041,0.32,5,1.4,8.346787486,102
3,6,6,20,9,2.16,16.5,0.21,0.024,0.32,5,1.1,8.537602002,108
3,6,6,20,9,1.76,16.5,0.21,0.024,0.32,5,1.2,8.823908741,93
3,6,6,20,9,1.53,16.5,0.15,0.02,0.32,5,1.3,9.22184875,195
3,6,6,20,9,2.3,16.5,0.57,0.057,0.32,5,1.8,8.219538667,218
3,6,6,20,9,2.7,16.5,0.76,0.076,0.32,5,2.1,8.444180317,223
3,6,6,20,9,2.9,16.5,0.87,0.087,0.32,5,1.7,8.935542011,194
3,6,6,20,9,2.8,16.5,0.76,0.076,0.32,5,1.6,9.236572006,109
3,6,6,20,2,0.788,16.5,0.0576,0.0106,0.32,5,3.1,9,31
3,6,6,20,2,0.589,16.5,0.0425,0.016,0.32,5,2.5,9,56
3,6,6,20,2,0.815,16.5,0.0661,0.0292,0.32,5,1.2,9,104
3,6,6,20,2,0.949,16.5,0.127,0.0276,0.32,5,1.1,9,151
3,6,6,20,2,2,16.5,0.217,0.027,0.32,5,5.5,8.958607315,46
3,6,6,20,2,2,16.5,0.217,0.027,0.32,5,4.5,8.823908741,46
3,6,6,20,2,2,16.5,0.261,0.035,0.32,5,2.5,8.22184875,60
3,6,6,20,2,2.2,16.5,0.304,0.06,0.32,5,1.5,8.013228266,103
3,6,6,20,2,2.1,16.5,0.304,0.06,0.32,5,1.1,8.698970004,117
3,6,6,20,2,1.8,16.5,0.178,0.025,0.32,5,1.1,9.301029996,59
3,6,6,20,2,1.9,16.5,0.217,0.025,0.32,5,1,9.22184875,61
3,6,6,20,2,1.78,16.5,0.33,0.064,0.32,5,1.9,9.458420756,107
3,6,6,20,2,1.78,16.5,0.38,0.072,0.32,5,1.5,9.759450752,96
3,6,6,20,2,1.78,16.5,0.38,0.075,0.32,5,1,9.759450752,105
3,6,6,20,2,1.78,16.5,0.33,0.065,0.32,5,1,9.759450752,98
3,6,6,20,2,3.3,16.5,0.52,0.05,0.32,5,1.2,9.698970004,63
3,6,6,20,2,3.3,16.5,0.65,0.063,0.32,5,1.5,9.698970004,71
3,6,6,20,2,3.1,16.5,0.65,0.062,0.32,5,1.6,9.853871964,65
3,6,6,20,2,2.6,16.5,0.52,0.05,0.32,5,1.4,10.15490196,50
3,6,6,20,2,1.6,16.5,0.35,0.032,0.32,5,1.8,9.555955204,64
3,6,6,20,2,2.1,16.5,0.6,0.061,0.32,5,1.9,9.853871964,74
3,6,6,20,2,2.2,16.5,0.25,0.028,0.32,5,1.1,10,47
3,6,6,20,2,1.5,16.5,0.21,0.022,0.32,5,1.9,10.15490196,37
3,6,6,20,2,3.06,16.5,0.12,0.05,0.32,5,2.1,8.823908741,73
3,6,6,20,2,3.06,16.5,0.11,0.05,0.32,5,1.1,8.823908741,88
3,6,6,20,3,1.61,16.5,0.1,0.08,0.32,5,2,8.958607315,336
3,6,6,20,3,2.02,16.5,0.45,0.03,0.32,5,3.5,9.698970004,55
3,6,6,20,3,2.45,16.5,0.71,0.0343,0.32,5,1.8,9.853871964,54
3,6,6,20,3,1.72,16.5,0.4,0.0274,0.32,5,1.8,10.15490196,45
3,6,6,20,3,2.52,16.5,1,0.123,0.32,5,2.1,7.986152004,232
3,6,6,20,3,1.8,16.5,0.6087,0.0291,0.32,5,1.7,8.011262725,74
3,6,6,20,3,0.5,16.5,0.287,0.0157,0.32,5,1.9,7.063385738,72
3,6,6,20,3,1.42,16.5,0.4783,0.0252,0.32,5,1.6,7.811915626,73
3,6,6,20,3,1.22,16.5,0.413,0.0226,0.32,5,1.5,7.798876103,74
3,6,6,20,3,1.75,16.5,0.4565,0.0287,0.32,5,1.5,7.863660003,76
3,6,6,20,3,2.01,16.5,1.0586,0.1222,0.32,5,3.5,7.106238238,26
3,6,6,20,3,2,16.5,0.6609,0.0317,0.32,5,1.4,7.882463567,78
3,6,6,20,3,1.7,16.5,0.4348,0.0274,0.32,5,1.6,7.68268898,71
3,6,6,20,3,0.8,16.5,0.14,0.05,0.32,5,1.2,8.11577123,210
3,6,6,20,3,1.4,16.5,0.18,0.01,0.32,5,1.1,7.744727495,37
3,6,6,20,3,1.57,16.5,0.18,0.01,0.32,5,1.5,7.744727495,29
3,6,6,20,3,1.81,16.5,0.18,0.024,0.32,5,1.3,9.301029996,83
3,6,6,20,3,2.45,16.5,0.25,0.041,0.32,5,1.4,9.522878745,60
3,6,6,20,3,2.16,16.5,0.21,0.024,0.32,5,1.1,9.823908741,56
3,6,6,20,3,1.76,16.5,0.21,0.024,0.32,5,1.2,9.045757491,62
3,6,6,20,3,1.53,16.5,0.15,0.02,0.32,5,1.3,8.096910013,122
3,6,6,20,3,2.3,16.5,0.57,0.057,0.32,5,1.8,8.045757491,142
3,6,6,20,3,2.7,16.5,0.76,0.076,0.32,5,2.1,9.958607315,84
3,6,6,20,3,2.9,16.5,0.87,0.087,0.32,5,1.7,9.124938737,71
3,6,6,20,3,2.8,16.5,0.76,0.076,0.32,5,1.6,8.187086643,66
3,6,4,20,5,0.8,16.5,0.0576,0.0106,0.32,5,3.5,9,37
3,6,4,20,5,0.6,16.5,0.0425,0.016,0.32,5,2.8,9,61
3,6,4,20,5,0.82,16.5,0.0661,0.0292,0.32,5,1,9,104
3,6,4,20,5,0.96,16.5,0.127,0.0276,0.32,5,1.2,9,90
3,6,4,20,5,2.2,16.5,0.217,0.027,0.32,5,7.5,8.958607315,52
3,6,4,20,5,2.1,16.5,0.217,0.027,0.32,5,5.5,8.823908741,54
3,6,4,20,5,2.3,16.5,0.261,0.035,0.32,5,3.5,8.22184875,69
3,6,4,20,5,2.25,16.5,0.304,0.06,0.32,5,1.8,8.013228266,125
3,6,4,20,5,2.2,16.5,0.304,0.06,0.32,5,1,8.698970004,126
3,6,4,20,5,2,16.5,0.178,0.025,0.32,5,1,9.301029996,55
3,6,4,20,5,1.9,16.5,0.22,0.026,0.32,5,1,9.22184875,60
3,6,4,20,5,1.78,16.5,0.35,0.066,0.32,5,1.9,9.458420756,107
3,6,4,20,5,1.78,16.5,0.4,0.076,0.32,5,1.5,9.759450752,106
3,6,4,20,5,1.78,16.5,0.39,0.076,0.32,5,1,9.759450752,109
3,6,4,20,5,1.78,16.5,0.35,0.066,0.32,5,1,9.759450752,99
3,6,4,20,5,3.3,16.5,0.54,0.052,0.32,5,1.2,9.698970004,61
3,6,4,20,5,3.3,16.5,0.66,0.065,0.32,5,1.5,9.698970004,70
3,6,4,20,5,3.1,16.5,0.67,0.065,0.32,5,1.6,9.853871964,68
3,6,4,20,5,2.6,16.5,0.53,0.052,0.32,5,1.4,10.15490196,56
3,6,4,20,5,1.6,16.5,0.36,0.035,0.32,5,1.8,9.555955204,67
3,6,4,20,5,2.1,16.5,0.62,0.062,0.32,5,1.9,9.853871964,79
3,6,4,20,5,2.2,16.5,0.28,0.029,0.32,5,1.1,10,44
3,6,4,20,5,1.5,16.5,0.22,0.024,0.32,5,1.9,10.15490196,40
3,6,4,20,5,3.06,16.5,0.13,0.053,0.32,5,2.1,8.823908741,82
3,6,4,20,5,3.06,16.5,0.13,0.052,0.32,5,1.1,8.823908741,90
3,6,4,20,6,1.61,16.5,0.11,0.082,0.32,5,1.15,8.958607315,202
3,6,4,20,6,2.02,16.5,0.4696,0.031,0.32,5,3.5,9.698970004,53
3,6,4,20,6,2.45,16.5,0.7261,0.035,0.32,5,1.8,9.853871964,53
3,6,4,20,6,1.72,16.5,0.4087,0.028,0.32,5,1.8,10.15490196,48
3,6,4,20,6,2.52,16.5,1.0888,0.125,0.32,5,2.1,7.986152004,234
3,6,4,20,6,1.93,16.5,0.6087,0.0291,0.32,5,1.7,8,74
3,6,4,20,6,0.57,16.5,0.287,0.0157,0.32,5,1.9,7,76
3,6,4,20,6,1.52,16.5,0.4783,0.0252,0.32,5,1.6,7.698970004,76
3,6,4,20,6,1.28,16.5,0.413,0.0226,0.32,5,1.5,7.602059991,79
3,6,4,20,6,1.88,16.5,0.4565,0.0287,0.32,5,1.5,7.823908741,77
3,6,4,20,6,2.06,16.5,1.0586,0.1222,0.32,5,3.5,7.096910013,275
3,6,4,20,6,2.07,16.5,0.6609,0.0317,0.32,5,1.4,7.823908741,81
3,6,4,20,6,1.76,16.5,0.4348,0.0274,0.32,5,1.6,7.602059991,75
3,6,4,20,6,0.9,16.5,0.14,0.05,0.32,5,1.2,8,196
3,6,4,20,6,1.57,16.5,0.18,0.01,0.32,5,1.1,6.698970004,37
3,6,4,20,6,1.57,16.5,0.18,0.01,0.32,5,1.7,6.744727495,33
3,6,4,20,6,2.45,16.5,0.25,0.041,0.32,5,1.5,8.346787486,87
3,6,4,20,6,2.16,16.5,0.21,0.024,0.32,5,1.2,8.537602002,59
3,6,4,20,6,1.76,16.5,0.21,0.024,0.32,5,1.3,8.823908741,63
3,6,4,20,6,1.53,16.5,0.15,0.02,0.32,5,1.5,9.22184875,53
3,6,4,20,6,2.3,16.5,0.57,0.057,0.32,5,2,8.219538667,120
3,6,4,20,6,2.7,16.5,0.76,0.076,0.32,5,2.2,8.444180317,135
3,6,4,20,6,2.9,16.5,0.87,0.087,0.32,5,1.8,8.935542011,132
3,6,4,20,6,2.8,16.5,0.76,0.076,0.32,5,1.7,9.236572006,112
3,6,4,20,6,1.81,16.5,0.18,0.024,0.32,5,1.5,8.251811973,64
3,6,5,20,9,0.8,16.5,0.0582,0.01,0.32,5,3.5,9,52
3,6,5,20,9,0.6,16.5,0.0425,0.015,0.32,5,2.2,9,94
3,6,5,20,9,0.815,16.5,0.0661,0.028,0.32,5,1.2,9,165
3,6,5,20,9,0.97,16.5,0.127,0.026,0.32,5,1.2,9,137
3,6,5,20,9,2.1,16.5,0.217,0.025,0.32,5,7.5,8.958607315,72
3,6,5,20,9,2.1,16.5,0.217,0.0265,0.32,5,5.5,8.823908741,77
3,6,5,20,9,1.9,16.5,0.261,0.033,0.32,5,3.5,8.22184875,107
3,6,5,20,9,2.3,16.5,0.304,0.058,0.32,5,1.8,8.013228266,177
3,6,5,20,9,2.2,16.5,0.304,0.059,0.32,5,1,8.698970004,198
3,6,5,20,9,1.85,16.5,0.178,0.022,0.32,5,1,9.301029996,86
3,6,5,20,9,1.9,16.5,0.22,0.026,0.32,5,1.1,9.22184875,96
3,6,5,20,9,1.78,16.5,0.35,0.066,0.32,5,1.5,9.458420756,199
3,6,5,20,9,1.78,16.5,0.4,0.076,0.32,5,1.3,9.759450752,213
3,6,5,20,9,1.78,16.5,0.39,0.076,0.32,5,1.2,9.759450752,215
3,6,5,20,9,1.78,16.5,0.36,0.066,0.32,5,1.1,9.759450752,194
3,6,5,20,9,3.3,16.5,0.54,0.052,0.32,5,1.1,9.698970004,114
3,6,5,20,9,3.3,16.5,0.66,0.065,0.32,5,1.3,9.698970004,133
3,6,5,20,9,3.1,16.5,0.67,0.065,0.32,5,1.5,9.853871964,130
3,6,5,20,9,2.6,16.5,0.54,0.052,0.32,5,1.2,10.15490196,117
3,6,5,20,9,1.6,16.5,0.34,0.035,0.32,5,1.5,9.555955204,121
3,6,5,20,9,2.1,16.5,0.62,0.061,0.32,5,1.9,10,145
3,6,5,20,9,2.2,16.5,0.28,0.028,0.32,5,1.1,10.09691001,80
3,6,5,20,9,1.5,16.5,0.22,0.022,0.32,5,1.9,10.30103,69
3,6,5,20,9,3.06,16.5,0.13,0.05,0.32,5,2.1,8.602059991,121
3,6,5,20,9,3.06,16.5,0.13,0.05,0.32,5,1.1,9,137
3,6,5,20,8,1.61,16.5,0.11,0.08,0.32,5,1.15,9,588
3,6,5,20,8,2.02,16.5,0.4696,0.03,0.32,5,3.5,10,70
3,6,5,20,8,2.45,16.5,0.7261,0.0343,0.32,5,1.8,10.30103,70
3,6,5,20,8,1.72,16.5,0.4087,0.0274,0.32,5,1.8,10.39794001,69
3,6,5,20,8,2.52,16.5,1.0888,0.123,0.32,5,2.1,8,305
3,6,5,20,8,1.8,16.5,0.6087,0.0291,0.32,5,1.7,8.011262725,104
3,6,5,20,8,0.6,16.5,0.287,0.0157,0.32,5,1.9,7.063385738,102
3,6,5,20,8,1.6,16.5,0.4783,0.0252,0.32,5,1.6,7.811915626,100
3,6,5,20,8,1.2,16.5,0.413,0.0226,0.32,5,1.5,7.798876103,110
3,6,5,20,8,1.5,16.5,0.4565,0.0287,0.32,5,1.5,7.863660003,120
3,6,5,20,8,2.2,16.5,1.0586,0.1222,0.32,5,3.5,7.106238238,356
3,6,5,20,8,2.3,16.5,0.6609,0.0317,0.32,5,1.4,7.882463567,103
3,6,5,20,8,1.8,16.5,0.4348,0.0274,0.32,5,1.6,7.68268898,101
3,6,5,20,8,1,16.5,0.14,0.05,0.32,5,1.2,8.11577123,257
3,6,5,20,8,1.6,16.5,0.18,0.01,0.32,5,1.1,6.744727495,53
3,6,5,20,8,1.57,16.5,0.2,0.01,0.32,5,1.5,6.744727495,47
3,6,5,20,8,2.45,16.5,0.28,0.041,0.32,5,1.4,8.346787486,120
3,6,5,20,8,2.16,16.5,0.22,0.024,0.32,5,1.1,8.537602002,83
3,6,5,20,8,1.76,16.5,0.23,0.024,0.32,5,1.2,8.823908741,90
3,6,5,20,8,1.53,16.5,0.18,0.02,0.32,5,1.3,9.22184875,77
3,6,5,20,8,2.3,16.5,0.6,0.057,0.32,5,1.8,8.219538667,164
3,6,5,20,8,2.7,16.5,0.78,0.076,0.32,5,2.1,8.444180317,185
3,6,5,20,8,2.9,16.5,0.88,0.087,0.32,5,1.7,8.935542011,190
3,6,5,20,8,2.8,16.5,0.72,0.076,0.32,5,1.6,9.236572006,165
3,6,5,20,8,1.81,16.5,0.25,0.024,0.32,5,1.3,8.251811973,90
3,6,5,20,3,0.8,16.5,0.0582,0.01,0.32,5,1.1,9,43
3,6,5,20,3,0.6,16.5,0.0425,0.015,0.32,5,1.1,9,71
3,6,5,20,3,0.815,16.5,0.0661,0.028,0.32,5,1.1,9,108
3,6,5,20,3,0.97,16.5,0.127,0.026,0.32,5,1.1,9,91
3,6,5,20,3,2.1,16.5,0.217,0.025,0.32,5,1.1,9,59
3,6,5,20,3,2.1,16.5,0.217,0.0265,0.32,5,1.1,9,62
3,6,5,20,3,1.9,16.5,0.261,0.033,0.32,5,1.1,9,79
3,6,5,20,3,2.3,16.5,0.304,0.058,0.32,5,1.1,9,114
3,6,5,20,3,2.2,16.5,0.304,0.059,0.32,5,1.1,9,118
3,6,5,20,3,1.85,16.5,0.178,0.022,0.32,5,1.1,9,57
3,6,5,20,3,1.9,16.5,0.22,0.026,0.32,5,1.1,9,65
3,6,5,20,3,1.78,16.5,0.35,0.066,0.32,5,1.1,9,144
3,6,5,20,3,1.78,16.5,0.4,0.076,0.32,5,1.1,9,160
3,6,5,20,3,1.78,16.5,0.39,0.076,0.32,5,1.1,9,160
3,6,5,20,3,1.78,16.5,0.36,0.066,0.32,5,1.1,9,144
3,6,5,20,3,3.3,16.5,0.54,0.052,0.32,5,1.1,9,83
3,6,5,20,3,3.3,16.5,0.66,0.065,0.32,5,1.1,9,100
3,6,5,20,3,3.1,16.5,0.67,0.065,0.32,5,1.1,9,104
3,6,5,20,3,2.6,16.5,0.54,0.052,0.32,5,1.1,9,97
3,6,5,20,3,1.6,16.5,0.34,0.035,0.32,5,1.1,9,91
3,6,5,20,3,2.1,16.5,0.62,0.061,0.32,5,1.1,9,124
3,6,5,20,3,2.2,16.5,0.28,0.028,0.32,5,1.1,9,63
3,6,5,20,3,1.5,16.5,0.22,0.022,0.32,5,1.1,9,63
3,6,5,20,3,3.06,16.5,0.13,0.05,0.32,5,1.1,9,89
3,6,5,20,3,3.06,16.5,0.13,0.05,0.32,5,1.1,9,89
3,6,5,20,4,1.61,16.5,0.11,0.08,0.32,5,1.1,9,739
3,6,5,20,4,2.02,16.5,0.4696,0.03,0.32,5,1.1,9,79
3,6,5,20,4,2.45,16.5,0.7261,0.0343,0.32,5,1.1,9,79
3,6,5,20,4,1.72,16.5,0.4087,0.0274,0.32,5,1.1,9,79
3,6,5,20,4,2.52,16.5,1.0888,0.123,0.32,5,1.1,9,203
3,6,5,20,4,1.8,16.5,0.6087,0.0291,0.32,5,1.1,9,82
3,6,5,20,4,0.6,16.5,0.287,0.0157,0.32,5,1.1,9,80
3,6,5,20,4,1.6,16.5,0.4783,0.0252,0.32,5,1.1,9,77
3,6,5,20,4,1.2,16.5,0.413,0.0226,0.32,5,1.1,9,83
3,6,5,20,4,1.5,16.5,0.4565,0.0287,0.32,5,1.1,9,90
3,6,5,20,4,2.2,16.5,1.0586,0.1222,0.32,5,1.1,9,219
3,6,5,20,4,2.3,16.5,0.6609,0.0317,0.32,5,1.1,9,78
3,6,5,20,4,1.8,16.5,0.4348,0.0274,0.32,5,1.1,9,77
3,6,5,20,4,1,16.5,0.14,0.05,0.32,5,1.1,9,167
3,6,5,20,4,1.6,16.5,0.18,0.01,0.32,5,1.1,9,34
3,6,5,20,4,1.57,16.5,0.2,0.01,0.32,5,1.1,9,34
3,6,5,20,4,2.45,16.5,0.28,0.041,0.32,5,1.1,9,93
3,6,5,20,4,2.16,16.5,0.22,0.024,0.32,5,1.1,9,63
3,6,5,20,4,1.76,16.5,0.23,0.024,0.32,5,1.1,9,71
3,6,5,20,4,1.53,16.5,0.18,0.02,0.32,5,1.1,9,66
3,6,5,20,4,2.3,16.5,0.6,0.057,0.32,5,1.1,9,124
3,6,5,20,4,2.7,16.5,0.78,0.076,0.32,5,1.1,9,141
3,6,5,20,4,2.9,16.5,0.88,0.087,0.32,5,1.1,9,150
3,6,5,20,4,2.8,16.5,0.72,0.076,0.32,5,1.1,9,139
3,6,5,20,4,1.81,16.5,0.25,0.024,0.32,5,1.1,9,70
3,6,4,20,7,0.8,16.5,0.0576,0.0106,0.32,5,1.1,9,47
3,6,4,20,7,0.6,16.5,0.0425,0.016,0.32,5,1.1,9,78
3,6,4,20,7,0.82,16.5,0.0661,0.0292,0.32,5,1.1,9,117
3,6,4,20,7,0.96,16.5,0.127,0.0276,0.32,5,1.1,9,103
3,6,4,20,7,2.2,16.5,0.217,0.027,0.32,5,1.1,9,66
3,6,4,20,7,2.1,16.5,0.217,0.027,0.32,5,1.1,9,67
3,6,4,20,7,2.3,16.5,0.261,0.035,0.32,5,1.1,9,79
3,6,4,20,7,2.25,16.5,0.304,0.06,0.32,5,1.1,9,128
3,6,4,20,7,2.2,16.5,0.304,0.06,0.32,5,1.1,9,130
3,6,4,20,7,2,16.5,0.178,0.025,0.32,5,1.1,9,64
3,6,4,20,7,1.9,16.5,0.22,0.026,0.32,5,1.1,9,68
3,6,4,20,7,1.78,16.5,0.35,0.066,0.32,5,1.1,9,157
3,6,4,20,7,1.78,16.5,0.4,0.076,0.32,5,1.1,9,176
3,6,4,20,7,1.78,16.5,0.39,0.076,0.32,5,1.1,9,176
3,6,4,20,7,1.78,16.5,0.35,0.066,0.32,5,1.1,9,157
3,6,4,20,7,3.3,16.5,0.54,0.052,0.32,5,1.1,9,89
3,6,4,20,7,3.3,16.5,0.66,0.065,0.32,5,1.1,9,108
3,6,4,20,7,3.1,16.5,0.67,0.065,0.32,5,1.1,9,112
3,6,4,20,7,2.6,16.5,0.53,0.052,0.32,5,1.1,9,103
3,6,4,20,7,1.6,16.5,0.36,0.035,0.32,5,1.1,9,97
3,6,4,20,7,2.1,16.5,0.62,0.062,0.32,5,1.1,9,136
3,6,4,20,7,2.2,16.5,0.28,0.029,0.32,5,1.1,9,69
3,6,4,20,7,1.5,16.5,0.22,0.024,0.32,5,1.1,9,73
3,6,4,20,7,3.06,16.5,0.13,0.053,0.32,5,1.1,9,98
3,6,4,20,7,3.06,16.5,0.13,0.052,0.32,5,1.1,9,96
3,6,4,20,2,1.61,16.5,0.11,0.082,0.32,5,1.1,9,146
3,6,4,20,2,2.02,16.5,0.4696,0.031,0.32,5,1.1,9,48
3,6,4,20,2,2.45,16.5,0.7261,0.035,0.32,5,1.1,9,47
3,6,4,20,2,1.72,16.5,0.4087,0.028,0.32,5,1.1,9,48
3,6,4,20,2,2.52,16.5,1.0888,0.125,0.32,5,1.1,9,140
3,6,4,20,2,1.93,16.5,0.6087,0.0291,0.32,5,1.1,9,46
3,6,4,20,2,0.57,16.5,0.287,0.0157,0.32,5,1.1,9,47
3,6,4,20,2,1.52,16.5,0.4783,0.0252,0.32,5,1.1,9,46
3,6,4,20,2,1.28,16.5,0.413,0.0226,0.32,5,1.1,9,47
3,6,4,20,2,1.88,16.5,0.4565,0.0287,0.32,5,1.1,9,47
3,6,4,20,2,2.06,16.5,1.0586,0.1222,0.32,5,1.1,9,153
3,6,4,20,2,2.07,16.5,0.6609,0.0317,0.32,5,1.1,9,48
3,6,4,20,2,1.76,16.5,0.4348,0.0274,0.32,5,1.1,9,45
3,6,4,20,2,0.9,16.5,0.14,0.05,0.32,5,1.1,9,112
3,6,4,20,2,1.57,16.5,0.18,0.01,0.32,5,1.1,9,18
3,6,4,20,2,1.57,16.5,0.18,0.01,0.32,5,1.1,9,18
3,6,4,20,2,2.45,16.5,0.25,0.041,0.32,5,1.1,9,55
3,6,4,20,2,2.16,16.5,0.21,0.024,0.32,5,1.1,9,36
3,6,4,20,2,1.76,16.5,0.21,0.024,0.32,5,1.1,9,41
3,6,4,20,2,1.53,16.5,0.15,0.02,0.32,5,1.1,9,37
3,6,4,20,2,2.3,16.5,0.57,0.057,0.32,5,1.1,9,77
3,6,4,20,2,2.7,16.5,0.76,0.076,0.32,5,1.1,9,89
3,6,4,20,2,2.9,16.5,0.87,0.087,0.32,5,1.1,9,96
3,6,4,20,2,2.8,16.5,0.76,0.076,0.32,5,1.1,9,87
3,6,4,20,2,1.81,16.5,0.18,0.024,0.32,5,1.1,9,40
